{"cameraMode":{"drawMode":0,"name":"Shaded","section":"Shading Mode"},"sceneLighting":true,"audioPlay":false,"sceneViewState":{"showFog":true,"showMaterialUpdate":false,"showSkybox":true,"showFlares":true,"showImageEffects":true,"showParticleSystems":true},"in2DMode":false,"pivot":{"x":7.074062347412109,"y":-2.845322608947754,"z":-5.308399200439453},"rotation":{"x":0.15605966746807099,"y":-0.17037178575992585,"z":0.027320368215441705,"w":0.9726011157035828},"size":14.816926002502442,"orthographic":false}